asin,title
B00001P505,Koss SportaPro Stereo Headphones
B00001P4ZH,"Koss Porta Pro On Ear Headphones with Case, Black / Silver"
B00001P4XA,Koss 'The Plug' In-Ear Headphones (Black)
B00001P4ZR,Koss R-10 On-Ear Headphones | Black | 8-foot cord | Lightweight
B00001W0DG,Sony MDR-V500DJ Monitor Series Headphones with Swivel Earcups (Discontinued by Manufacturer)
B00001W0DC,Sony MDR-V250V Monitor Series Headphones with In-line Volume Control (Discontinued by Manufacturer)
B00001WRSJ,Sony MDRV6 Studio Monitor Headphones with CCAW Voice Coil
B00001W0DI,Sony Studio Monitor MDR-V600 Stereo Headphone (Discontinued by Manufacturer)
B00001Z3H8,Sony SRFHM55 Sports Walkman AM/FM Stereo Headphone Radio
B00004SY4H,Sennheiser HD 600 Open Back Professional Headphone
B00004T8R2,Panasonic Headphones On-Ear Lightweight with XBS RP-HT21 (Black &amp; Silver)
B00004Z7G9,Koss Pro-4AA Studio Quality Headphones
B000053ZF1,Sony SRF-H3 Walkman AM/FM Stereo Headphone Radio (Discontinued by Manufacturer)
B00005BYER,Sony MDR-W20G Sports Vertical In-The-Ear Headphones (Discontinued by Manufacturer)
B00005N6KG,Sony MDR-W08L Vertical In-The-Ear Headphones
B00005N9D2,"Koss R-80 Over Ear Headphones, Black"
B00005N9D3,Koss UR-20 Home Headphones
B00005QBU9,Sony MDR-V150 Monitor Series Headphones
B000065BPB,Sennheiser HD280PRO Headphones (old model)
B000066HO3,Sony SRF-HM01V S2 Sports Walkman Street Style Headphone Radio (Discontinued by Manufacturer)
B00006HOGN,Panasonic RP-HC70 Noise-Canceling Headphones with XBS Extra Bass System (Discontinued by Manufacturer)
B00006JILW,Sony MDR-J10 Headphones with Non-Slip Design (Pink) (Discontinued by Manufacturer)
B00006JILE,Koss UR40 Collapsible Over-Ear Headphones
B000089GN4,Sennheiser PX200 Collapsible High-Performance Closed Headphones (Black) (Discontinued by Manufacturer)
B00008VIX0,Sony MDR-Q55SL Clip-on Headphones (Silver) (Discontinued by Manufacturer)
B00008W2M5,Sony SRF-H11 S2 Sports AM / FM Radio Walkman with Rear Reflector Headphones (Discontinued by Manufacturer)
B00008Z1QJ,Koss UR18 Collapsible Home Headphones Silver Finish with 3.5mm Jack
B00008Z1QF,Koss KSC7 Sportclip/Clip On Headphones in Silver/Black Finish (Discontinued by Manufacturer)
B000095S9V,Sony MDR-W24V Vertical In-The-Ear Headphones (Discontinued by Manufacturer)
B000095SB6,Sony MDR-EX51LP Fontopia Headphones (Discontinued by Manufacturer)
B000095S9H,Sony RK-G138 Audio Connecting Cable for Headphone Extension (3 meters) (Discontinued by Manufacturer)
B00009MK3T,Bose TriPort Around Ear Headphones (Discontinued by Manufacturer)
B00009RDIF,"Panasonic Over-the-Ear Stereo Headphones RP-HT227 (Black &amp; Silver) Integrated Volume Controller, Travel-Fold Design"
B000094Q77,Sony MDR-ED21LP Fontopia In-The-Ear Headphones (Discontinued by Manufacturer)
B0000E3DQ7,Bose TriPort  Blue Glacier Blue Headphones with Carry Case
B00013BKS2,Koss PRO3AA Collapsible Closedear Headphones With Adjustable Headband
B00018MSNI,Sennheiser HD 650 Open Back Professional Headphone
B0001FTVEK,Sennheiser RS120 On-Ear Wireless RF Headphones with Charging Dock
B0001IM95U,Koss UR10 On-Ear Headphones | Durable | All Ages | 3.5mm Plug
B0001IXUEE,Panasonic RP-HS43 Clip-On Headphones with XBS Extra Bass System (Black) (Discontinued by Manufacturer)
B0001M2FZK,Sony MDR-J11G h.ear Sports Headphones (Discontinued by Manufacturer)
B0001M3N7O,Sony SRFH4 Analog Tuning AM / FM Headphone Radio (Discontinued by Manufacturer)
B0001R05XE,Sony MDR-G54LP Street Style Headphones (Discontinued by Manufacturer)
B0001R05XO,Sony MDRG58V Street Style Headphone with Volume Control
B0001YFZ46,Sony MDR-RF960RK 900 MHz RF Wireless Headphones with Auto Tuning (Discontinued by Manufacturer)
B0002BAU84,Koss UR29 Collapsible Portable Headphones
B0002EXJPM,Technics RP-DH1200 DJ Headphones (Discontinued by Manufacturer)
B0002F74E8,"Sony MDR7502 Professional Studio Headphones, Black"
B0002H02ZY,Sony MDR7506 Professional Large Diaphragm Headphone
B0002I5RI0,JVC HA-V570 Supra-Aural Headphones
B0002T3UQ0,Sony MDR-NC40 Noise Cancelling Headphone (Black)
B000629GES,Sony MDR-NC6 Noise Canceling Headphones (Discontinued by Manufacturer)
B0006B486K,Koss KSC75 Portable Stereophone Headphones
B0006OQY2S,Audio Technica ATH-AD900 Audiophile Open-air Dynamic Headphones
B000779RZA,"Sony MDR-EX51LP Fontopia In-The-Ear Headphones, White (Discontinued by Manufacturer)"
B00079PNTM,Sennheiser PXC150 Active Noise Cancelling Headphone (Discontinued by Manufacturer)
B0007N55P0,Sony MDR-Q23LP w.ear Stereo Headphones (White and Green) (Discontinued by Manufacturer)
B0007N55NM,Sony MDR-XD100 Stereo Headphones (Discontinued by Manufacturer)
B0007N55L4,Sony MDR-SA1000 DJ Stereo Headphones
B0007QKXYU,Sennheiser RS 140 Wireless HiFi Headphone with Dynamic Compression System (Discontinued by Manufacturer)
B000CMLZEG,Audio Technica ATH-AD500 Full-Size Open-Air Dynamic Headphones (Discontinued by Manufacturer)
B000E36R96,"Koss Headphone Carrying Case for KSC75, KSC9, KSC7, KSC17, P14, and P16"
B000E6G9RI,Sennheiser CX300-B In-Ear Stereo Headphone (Discontinued by Manufacturer)
B000EBPJCO,Sennheiser HDR120 Supplemental HiFi Wireless Headphone for RS-120 System
B000EGLZTA,Sony MDR710LP Lightweight Stereo Headphones (Discontinued by Manufacturer)
B000EGLZU4,Sony MDR110LP Open-air Stereo Headphones
B000EULJPQ,Replacement Foam Ear Pads for Sennheiser HD 424 Headphones
B000GH2QYK,Panasonic Clip Headphones Blue RP-HZ47-A (japan import)
B000GH2QYU,Panasonic clip headphone Red RP-HZ47-R (japan import)
B000GH2QY0,Panasonic clip headphone white RP-HZ47-W
B000GH2QXQ,Panasonic clip headphone silver RP-HZ47-S
B000IS758E,JVC HAFX33P Marshmallow In-Ear Stereo Headphone (Pink) (Discontinued by Manufacturer)
B000JKDTPE,Sony MDR-D777LP Altus Stereo Headphones (Discontinued by Manufacturer)
B000KLZ7VG,Bose TriPort In-Ear Headphones - Headphones ( ear-bud ) - black
B000KQQUQW,JVC HANC80 Noise-Cancelling Headphones - Black
B000MMWT9Q,Bose Around-Ear Headphones (Discontinued by Manufacturer)
B000MS3VGA,V-MODA Vibe In-Ear Noise-Isolating Metal Headphone (Blush) (Discontinued by Manufacturer)
B000MX7Z2Q,Sony Clip-on Stereo Headphones with Retractable | MDR-Q38LW B Black(Japan Import)
B000MX7Z12,Sony Clip-on Stereo Headphones With Double Retractable Cord | MDR-Q68LW B Black (Japanese Imports)
B000MX7Z2G,Sony Clip-on Stereo Headphones with Retractable | MDR-Q38LW S Silver(Japan Import)
B000MX7Z1C,Sony Clip-on Stereo Headphones With Double Retractable Cord | MDR-Q68LW W White (Japanese Imports)
B000MX7Z0S,Sony Clip-on Stereo Headphones With Double Retractable Cord | MDR-Q68LW S Silver (Japanese Imports)
B000OEV88K,Sony MDRRF925RK Wireless Headphone (Discontinued by Manufacturer)
B000OKJQ7E,Panasonic RP-HV260 Portable Earbud Headphones with Shock Wave Technology (Discontinued by Manufacturer)
B000OQ5OOM,Sony MDRNC60 Over-the-Head Headphone
B000PCF7A6,Sony MDR-Q68LW Clip-on Style Headphone with Retractable Cord
B000PGAPR2,Audio-Technica ATH-W5000 Audiophile Closed-Back Dynamic Wooden On-Ear Headphones
B000QS5MM2,Philips SHS3701/27 Earclip Headphones with Interchangeable Color Caps (Discontinued by Manufacturer)
B000RRQEZG,Philips SHE1360/27 Bass Vent In-Ear Headphones (Discontinued by Manufacturer)
B000U07C1U,JVC HANC250 Noise Cancelling Headphones - Black
B000U7GDMC,Philips Precise Directional Sound In-ear Headphones (Discontinued by Manufacturer)
B000UPEJCU,Sony Mdr-cd900st Studio Monitor Stereo Headphones
B000V6FX9G,Genuine Replacement Ear Pads Cushions for SENNHEISER RS130 HDR130 fit also RS140 HDR140 Headphones
B000VR7M2Q,Sennheiser CX 400-B - Headphones ( in-ear ear-bud ) - black
B0013JIEO6,Philips SHE9800 In-Ear Headphones with Advanced Acoustics (Discontinued by Manufacturer)
B0013OWPV4,JVC HARX700 Precision Sound Full Size Headphones - Black
B0013P3ZOE,JVC HARX900 High-Grade Full-Size Headphone
B00159YWE0, Sony Mdr-Ex32Lp/Whi Ex Earbuds Headphones (White) (Discontinued by Manufacturer)
B0015AFONW, Sony MDR-AS30G Active Style Headphones (Silver)
B0015AM3AY,"Sony Electronics, SONY MDR-E10LP/WHI Fashion Earbuds Snow White (Catalog Category: Ear Bud Headphones) (Discontinued by Manufacturer)"
B0015AK27U,Sony Mdr-E10Lp/Vlt Headphones - Fashion Earbuds (Violet) (Discontinued by Manufacturer)
B0015AK27K,Sony Mdr-E10Lp/Red Headphones - Fashion Earbuds (Red) (Discontinued by Manufacturer)
B0015AHRFK,Sony MDR-AS20J Active Style Headphones with Soft Loop Hangers - Black
B0015AFWD4,"Sony MDR-E9LP/BLK Earbud Headphones, Black (Discontinued by Manufacturer)"
B0015AFOR8,Sony MDR-AS40EX Active Style Headphones Earbud Style (Black)
B00171LDH0, Panasonic RP-HT260-K Sealing up type Stereo Headphone 40mm RPHT260 Black GENUINE
B00172M8HS, Sony Mdr-222Kd/Pin Childrens Headphones (Pink)
B001786D5A,Sony MDRNC500D Digital Noise-Canceling Headphone (Black) (Discontinued by Manufacturer)
B00178N5ME,Philips SHE2634/27 Color Match In-Ear Headphone (Black) (Discontinued by Manufacturer)
B0017IJALY,Sony PFRV1 Personal Field Speaker Headphones (Discontinued by Manufacturer)
B001B7LKFA,"Philips Portable Radio AE1530 FM/MW, Analog tuning Built-in speaker Headphone jack Battery operated"
B001DDEJJQ,Audio Technica ATH-EQ300M PK Pink | Ear-Fit Headphones (Japan Import)
B001DDLMQ4, Audio Technica ATH-EQ300M WH White | Ear-Fit Headphones (Japan Import)
B001DDGIM2,Audio Technica ATH-EQ300M BW Brown | Ear-Fit Headphones (Japan Import)
B001DDLMN2, Audio Technica ATH-EQ300M BK Black | Ear-Fit Headphones (Japan Import)
B001DDIJ24,Audio Technica ATH-EQ300M PL Purple | Ear-Fit Headphones (Japan Import)
B001DFX2OC,Sony 211566803 Replacement Single Pad for Sony MDR-V6 Headphones
B001E2SHI0, JVC HAFXC50B Micro HD Inner Ear Headphone (Black) (Discontinued by Manufacturer)
B001QTJ1F4,"Audio Technica ATH-FC700A Portable Headphones with 40mm Neodymium Drivers, Black (Discontinued by Manufacturer)"
B001QTW21Y, Sony Ericsson Wireless Stereo Headphone - Black
B001RB24KK,Sony MDR-EX33LP/BLU EX Style Headphones (Blue)
B001RB24LE,Sony MDR-EX33LP/PNK EX Style Headphones (Pink) (Discontinued by Manufacturer)
B001RB24VY,Sony MDR-E10LP/ORG Earbud Style Headphones (Orange) (Discontinued by Manufacturer)
B001RB24P0,Sony MDR-EX76/BLK EX Style Headphones with Carrying Case (Black) (Discontinued by Manufacturer)
B001RB24S2,Sony MDR-XB500 40mm XB Diaphragm Driver Extra Bass Headphones
B001U0O9CY,Philips SHE2640/27 In Ear Headphone (Black/Silver) (Discontinued by Manufacturer)
B001UE6PE0,Sony MDRXB700 Extra Bass Headphones (Discontinued by Manufacturer)
B001UE6HZM,Sennheiser HD228 Closed Back Headphone Optimized for iPod/iPhone/MP3/and Music Players (Discontinued by Manufacturer)
B001VPN4R4, JVC HANCX78 Inner Ear Noise Cancelling Headphones (Silver)
B0023RT0X6,"Audio Technica ATH-ON3W Portable Headphones with 30mm Drivers, Pink (Discontinued by Manufacturer)"
B0028E4SF4,Panasonic RPHC101K Slim Z Noise Cancelling Headphone
B0028JE3T0,Panasonic RP-HS46-K SLIMZ Ear-Clip Headphones with Ultra-Slim Housing (Black) (Discontinued by Manufacturer)
B0028PGXRE, Replacement Cable for SENNHEISER Headphones HD650 HD600 HD580 HD535 HD545 HD565 HD265 with 1/4&quot; 6.3mm plug
B002B4KM1A,Genuine Replacement Ear Pads Cushions for SENNHEISER PX100 PMX100 PX80 Headphones
B002B4OEZ0, Replacement Ear Pad Foam Cushions for Sennheiser HD414 / Fits also Grado SR60 SR80 SRI-Series headphones
B002B4OKYU,Genuine Replacement Ear pads for SENNHEISER HD650 HD600 HD580 HD565 HD545 Headphones
B002DGTGNQ, Sennheiser HD438 Closed Circumaural Hi-Fi Headphone with Enhanced Bass (Discontinued by Manufacturer)
B002GQRROS,JVC HAEBX85P Inner Ear Sports Clip Headphone (Pink) (Discontinued by Manufacturer)
B002GQPTNY,JVC HAS650 Black Series Headphones
B002J9H9WC,Beats Studio Wired Over-Ear Headphone - White (Discontinued by Manufacturer)
B002P8T0H4,Beats by Dr. Dre Solo White On-Ear Headphones with ControlTalk (Discontinued by Manufacturer)
B002SOU2Y0,Sennheiser RS 160 RF Wireless Headphones
B002TLT10I,Sennheiser RS 170 Digital Wireless Headphones (Discontinued By Manufacturer)
B0035JKJ2W,Sennheiser CX 680 Earfin In-Ear Adidas Sports Headphones
B00365EB3I,Klipsch Image S4i In-Ear Headset with Mic and 3-Button Remote Headphones - White
B0037N9C88,Panasonic RP-DJ120 Headphones (Ear-Cup) - Black (Discontinued by Manufacturer)
B00385XTWA,Sony MDR-770LP Headphones (Black) (Discontinued by Manufacturer)
B00385XU6K,Sony MDR-EX57LP/BLK Headphones (Black) (Discontinued by Manufacturer)
B00385XU8I,Sony Monitor Series Studio Headphones with iPod/iPhone Remote Control DRV-150ip (Discontinued by Manufacturer)
B00385XU5Q,Sony MDR-NC300D Headphones (Old Version)
B00385XU7Y,Sony DREX300iP Headphones (Discontinued by Manufacturer)
B003AIL2HE,Clip Style Headphone Black Lightweight and Comfortable Ear Clip. Splash Proof Water resistant Powerful Sound with Bass Boost JVC HAEB75B
B003BT6A06,Philips In-Ear Headphones Music Colors SHE3585/28 (Red) (Discontinued by Manufacturer)
B003BT6A10,Philips Customer Design Headband Headphones SHL8800/28 (Discontinued by Manufacturer)
B003CJTR8M,Philips Rich Bass Neckband Headphones SHS5200/28 (Replaces SHS5200)
B003DKL576,Philips Extra Bass Earclip Headphones SHS3300/28 (White) (Discontinued by Manufacturer)
B003EM2WF2,Panasonic RP-HJE350-P SLIMZ In-Ear Earbud Headphones (Pink) (Discontinued by Manufacturer)
B003EM6ANW,Panasonic RP-HC700 Noise-Canceling Headphones (Discontinued by Manufacturer)
B003ELYQGG,"Panasonic ErgoFit In-Ear Earbud Headphones RP-HJE120-D (Orange) Dynamic Crystal Clear Sound, Ergonomic Comfort-Fit"
B003LPTAYI,Sennheiser HD 202 II Professional Headphones (Black)
B003OGQ92K,Diddybeats by Dr. Dre Pink In-Ear Headphone from Monster (Discontinued by Manufacturer)
B003ZL916U,Sennheiser HDR 170 Headphone Receiver
B003ZLARRW,Sennheiser HDR 180 Headphone Receiver
B003ZLCAW2,Sennheiser HDR 160 Headphone
B0041OQ03C,Bose StayHear Headphone Tips - Medium (2 Pairs)
B0042BXSMU,SONY Stereo Headphones MDR-EX1000 | EX Monitor Closed Inner Ear Receiver (Japan Import)
B0043M9ATS,Klipsch Image S5i Rugged In-Ear Headphones with 3-Button Remote (Discontinued by Manufacturer)
B004477D00,Philips ActionFit SHQ1000/28 In-Ear Headphones Tuned for Sports (Discontinued by Manufacturer)
B0046ZSWX2,Sony MDREX86LP/BLK Headphones (Black) (Discontinued by Manufacturer)
B004DOX70O,Sennheiser HD 65 TV Closed Back Dynamic Headphones for TVs
B004FEEY9A,Sennheiser HD 558 Headphones
B004HD4L2E,Sennheiser MM30i Headphones
B004K09H32,Audio-Technica ATH-ANC23 QuietPoint Active Noise-Cancelling In-Ear Headphones
B004KCLIFA,Audio-Technica ATH-PRO700MK2 Professional DJ Monitor Headphones
B004KCJJ4M,"Audio-Technica ATH-SJ11 SonicFuel Closed-Back Dynamic On-Ear Wired Headphones, Black"
B004M210S8,Audio Technica ATH-WS70 Solid Bass Over-Ear Headphones with Aluminum Housing (Discontinued by Manufacturer)
B004MMEI0K,Panasonic RPHJE280K Headphones (Discontinued by Manufacturer)
B004MMEI5K,Panasonic RP-HX40 Light Weight On Ear Monitors Headphone (Black) (Discontinued by Manufacturer)
B004OXXE9I,Sony MDR-DS6500 / MDRDS6500 Wireless Surround Digital Headphones
B004QOA93E,SONY DR-EX12IP In-Ear Stereo Headphones with Mic and Remote (Black)
B004RE20IK,Sony MDREX40LP/VLT In-Ear Headphones
B004U4XB62,Sony MDREX10LP/BLK In-Ear Headphones
B004Z58VZ2,"Sony MDR7520 Professional Studio Headphones, Black"
B0052UB5UC,Sony Walkman Digital Tuning Portable Palm Size AM/FM Stereo Radio includes Sony MDR Stereo Headphones (Black)
B0054JJ0QW,Bose QuietComfort 15 Acoustic Noise Cancelling Headphones (Discontinued by Manufacturer)
B005586PT2,"Bose AE2i Audio Headphones, Black"
B0055E0JMA,IE headphones carrying case
B005626CMM,Philips O'Neill SHO9560BK/28 Over-Ear Headphones - Black (Discontinued by Manufacturer)
B00564D9CG,Philips Earclip Headphones SHS3800
B0057XZSF2,Bose SoundLink around-ear Bluetooth headphones replacement audio cable &ndash; Black
B005C3CYK4,JVC HAEBX5AN Sport-Clip Headphones(Blue)
B005FDOG1G,"JVC HAFX8A In-Ear Headphone,Riptidz"
B005FDOGD4,"JVC HAFX30P Headphone, Marshmallow, Pink (Discontinued by Manufacturer)"
B005FDOGDE,"JVC HAFX30R Headphone, Marshmallow, Red (Discontinued by Manufacturer)"
B005FDOGLG,JVC HAFR36S Marshmallow Inner Ear Headphones with Microphone and Remote (Silver) (Discontinued by Manufacturer)
B005FDOGV6,"JVC HAFX30G Headphone, Marshmallow, Green (Discontinued by Manufacturer)"
B005FVDT4I,Sony MDR-XB21EX Extra Bass Headphones (Discontinued by Manufacturer)
B005FVDTAW,Sony MDRNC200D Digital Noise-Canceling Headphones (Discontinued by Manufacturer)
B005FVDT84,Sony MDR-XB41EX Extra Bass Headphones (Discontinued by Manufacturer)
B005HMBQR2,V-MODA Crossfade LP2 Limited Edition Over-Ear Noise-Isolating Metal Headphone (Matte Black) (OLD MODEL) (Discontinued by Manufacturer)
B005HSDLCO,V-MODA Crossfade M-80 On-Ear Noise-Isolating Metal Headphone (Shadow) (Discontinued by Manufacturer)
B005KJJOEY,Bose OE2i Audio Headphones - White (Discontinued by Manufacturer)
B005KJJKVG,Bose OE2i Audio Headphones - Black (Discontinued by Manufacturer)
B005KJM30G,Bose OE2 audio headphones  Black (Discontinued by Manufacturer)
B005KJMTXM,Bose OE2 Audio Headphones  White (Discontinued by Manufacturer)
B005LD275M,V-MODA Bass Freq Metal In-Ear Noise-Isolating Headphone (Gunmetal Black) (Discontinued by Manufacturer)
B005M1KO1C,Klipsch Image S4A In-ear Headphones Black for Android (Discontinued by Manufacturer)
B005MB8E1Y,Genuine Replacement Ear Pads Cushions fit SENNHEISER PXC350 PC350 PC350SE PXE350 HME95 HMEC95 HMEC250 Headphones fit also PXC450
B005N8W23C,Sennheiser IE60 Headphone
B005N8W1TM,Sennheiser HD 439 Headphones Black
B005N8W214,Sennheiser HD 449 Headphones Black
B005ZNHOW4,Klipsch Reference S4 In-Ear Headphones (Discontinued by Manufacturer)
B006DBQHZM,"MEElectronics M16P In Ear Headphones with In-Line Microphone,Single Button Remote for iPhone and Smartphones (Black)"
B006K55748,Sony XBA-S65 - Balanced Armature Sports Headphones
B006K557BQ,Sony XBANC85D Balanced Armature Digital Noise-Cancelling In-Ear Headphones (Discontinued by Manufacturer)
B006K55662,Sony XBA-1 Balanced Armature Headphones-1 Driver
B006NH8768,Audio Technica Replacement Ear Pads (Pair) For ATH-M50 &amp; ATH-M50S Headphones
B006QR8W6K,"Koss Porta Pro KTC Ultimate Portable Headphone for iPod, iPhone and iPad"
B006RUIWC0,Philips L1/28 Fidelio Over-Ear Headphones with Remote and Mic (Discontinued by Manufacturer)
B006T9ZKAQ,"Koss KPH7 Lightweight Portable Headphone, Black"
B006V386UG,Audio-Technica ATH-A900X Audiophile Closed-Back Dynamic Headphones (Discontinued by Manufacturer)
B006WHPQUO,Philips SHL5605PP/28 CitiScape Downtown Headphones (Purple) (Discontinued by Manufacturer)
B006ZNX81E,Sennheiser RS 220 Headphone - Black (Discontinued by Manufacturer)
B0070U8KSM,Sennheiser HD 700 Headphone (Jack plug &frac14;&rdquo; (6.3 mm) stereo)
B0073W6ZE8,Bose carrying case for QuietComfort 15 Headphones
B0076Z78AM,Sennheiser MM 550-X Wireless Bluetooth Travel Headphones
B00773S2XU,Jvc- Xtreme Xplosives Headphones With Remote And Mic - Blue
B0077YTFPS,Audio Technica ATH-ANC9 Active Noise Canceling Headphones (Japan Import)
B0078JFQD2,JVC HAEBR80S Sports Clip Headphones (Silver)
B0078JFQ0K,JVC HAEBR80B Sports Clip Headphones (Black)
B0079LE57C,JVC HAFX40S In-Ear Headphones (Silver)
B007BNEJS8,"Philips SHO7205WT/28 O'Neill The Construct Headband Headphones, White (Discontinued by Manufacturer)"
B007BY3PO6,Sony MDR-ZX600/WHI Over the Head Style Headphones
B007BY3PBO,Sony MDRMA100 Over-the-Head Headphones (Discontinued by Manufacturer)
B007BY3PCI,Sony MDRMA300 Over-the-Head Headphones
B007BY3PNC,Sony MDR-V55/WHI DJ style Headphones
B007CNC79A,Koss ProDj200 Studio Headphone - Black/Silver
B007DB5OCS,"Audio-Technica ATH-WS55BRD Solid Bass Over-Ear Headphones, Red"
B007G96IQ8,Panasonic RPHX35R Lightweight Headphone Red (Discontinued by Manufacturer)
B007G93LWC,Panasonic RPHJE355W Headphones
B007G95FJE,Panasonic RPHC200K Headphones
B007HISA1Y,JVC HAFX101G Headphones
B007HIRHSG,JVC HAFX101R Action Sweatproof Sport Wired Stereo Workout Running Jogging Gym in Ear Noise Isolating Headphones Earphones Earbuds for iPhone iPod Samsung
B007I1QY5Y,Sony MDRV55 Red Extra Bass &amp; DJ Headphones MDR-V55 MDR-V55/RC(U)
B007JELV8U,Panasonic RP-HJE140-W L-shaped Ear Earbud Headphone (Discontinued by Manufacturer)
B007KWLF5K,Audio-Technica ATH-ANC9 QuietPoint Active Noise-Cancelling Headphones
B007RB13YM,Philips SHE2100WT/28 In-Ear Headphones - White
B007RB1BL2,Philips O'Neill SHO2200RD/28 The Tread In-Ear Headphones - Red (Discontinued by Manufacturer)
B007TRUTFS,Philips SHE3590WT/28 In-Ear Headphones (White) (Discontinued by Manufacturer)
B00827LI7C,"Audio Technica SonicPro Port ATH-CKM300I In-ear Headphones with Mic &amp; Volume Control for iPod, iPhone, and iPad - Black"
B008AT6BK6,"Audio Technica ATH-FW33 FashionFidelity BIJOU&Eacute; On-ear Headphones, White"
B008FWB9TQ,JVC Victor Head-band Portable Headphones | HA-S500-B Black (Japanese Import)
B008P8EXJI,JVC HAS400W Carbon Nanotube On-Ear Headband Headphones (White)
B008P8EY4C,JVC HAS140B Lightweight On-Ear Headband Headphones (Black)
B008VGQ4VO,Klipsch Image S4 - II White In-Ear Headphones (Discontinued by Manufacturer)
B008VHHYLW,Klipsch Image S4A - II In-Ear Headphones
B008VQERFO,Panasonic drops360&deg; Premium In-Ear Stereo Headphones RP-HJX5-R (Metallic Red) Powerful Bass
B008YUNK46,Bose QuietComfort 15 Acoustic Noise Cancelling Headphones - Limited Edition (Discontinued) (Discontinued by Manufacturer)
B0093K84DS,Klipsch Image X7i - Black In-Ear Headphones
B0094R4Q6Y,"Sennheiser PMX 685i Sports In-Ear Neckband Headphones - Black/Blue, 3.5 mm, angled (Discontinued by Manufacturer)"
B0095EL84E,Klipsch Image One BLUETOOTH On-Ear Headphones (Discontinued by Manufacturer)
B0096QYNRA,Klipsch Image ONE - Gen -2 On-Ear Headphones (Discontinued by Manufacturer)
B00972M942,Sony MDRX10/RED Simon Cowell X Headphones with 50mm Diaphragms
B009A6D01G,"Sony MDRXB400/GRN Extra Bass Over The Head 30mm Driver Headphone, Green"
B009A6D034,Sony MDR1RBT Premium Bluetooth Over-the-Head Style Headphones (Black)
B009A6CZ26,"Sony MDR-IF245RK Wireless IF Headphone,"
B009A6CZ3A,"Sony MDRNC8/WMI Noise Canceling Headphone, White"
B009A6CZ44,Sony MDR1RNC Premium Noise-Canceling Headphones (Black)
B009A6CZYY,Sony MDR-XB600 Extra Bass 40mm Driver Premium Headphones
B009A6CZYE,"Sony MDRXB400/BLU Extra Bass Over The Head 30 mm Driver Headphone, Blue"
B009A7BP3U,"Sony MDRXB800 Extra Bass Over The Head 50mm Driver Headphone, Black"
B009FRPN4M,Audio-Technica ATH-WS77 Solid Bass Over-Ear Headphones
B009FRPN2Y,Audio-Technica ATH-WS99 Solid Bass Over-Ear Headphones
B009GF6X56,"Sennheiser Ear Cushion with Disk for RS 100, RS 110, RS 110-II, RS 115, RS 117, RS 119, RS 119-II, RS 120, RS 120-II and HDR 120 Headphones, Pair"
B009GF6V6W,Sennheiser Leatherette Earpads for PXC450 Headphones
B009HW15UG,Sony R800 / R800X EC250 Headphones Adaptor (1249-0456)
B009KWULTY,JVC HAFR6D Gumy Plus Headphones (Orange)
B009QMZ7SS,"Genuine Replacement Ear Pads cushions for SONY MDR-7506, MDR-V6, MDR-V7, MDR-CD900ST Headphones - 1 pair (2 pieces)"
B009XFCYYS,"Sony 2 Band Receiver Portable AM &amp; FM Transistor Radio with Large Dial Panel, 3.75&rdquo; Speaker, Earphone Jack, Carry Strap, Easy Tuner Knob, Headphone Jack &amp; Telescopic Ferrite Bar Swivel Antenna - Battery Powered - Batteries Included"
B00A17IAOA,Panasonic RP-DH1250-S Technics Pro DJ Headphone
B00A7R9KWK,Sony MDRXB600IP EX Headphones for iPod/iPhone/iPad
B00AAFD9OY,Philips SHL3000WT Headband Headphones
B00AAMJJQ4,Genuine Replacement Ear Pads Cushions for SENNHEISER HD433 HD435 MANHATTAN HD435 VEGAS Old-HD435-model HD60 TV EH1430 Headphones
B00AN8RROQ,Sony MDR-XB400 XB Series Extra Bass Headphones (Pink)
B00B878RPY,"Sony MDRRF985RK Wireless RF Headphone, Black"
B00B8MIVXC,Sony MDRXB400IP/AP EX Headphones for iPod/iPhone/iPad (Discontinued by Manufacturer)
B00B9GH16K,Sony MDR-XB200/P (MDRXB200-Pink) XB Extra Bass Series On-Ear Headphones
B00B9GG5NU,Sony MDR-XB200/D (MDRXB200-Orange) XB Extra Bass Series On-Ear Headphones
B00BHBWWFW,Sennheiser HDVD 800 Headphone Amplifier with DAC
B00BLG5CSC,"Philips ActionFit Sports Earhook Headphones SHQ3200/28, Orange and Grey"
B00BLG5CSM,Philips SHQ1200/28 ActionFit Sports In-Ear Headphones
B00BN0N058,"Sony MDR-ZX300IP/B Headphones with Microphone for iPod/iPhone/iPad, Black"
B00BN0N0IK,"Sony MDR-AS200/ORG Active Sports Headphones, Orange"
B00BN0N0AS,Sony MDR-ZX300AP/B Premium Lightweight Stereo Headphones with In-line Microphone and Configurable Remote for Android Smartphone (Black)
B00BN0N05I,Sony MDR-ZX300AP Sound Monitoring Headphones (Blue)
B00BN0N09O,"Sony MDR-ZX300IP/W Headphones with Microphone for iPod/iPhone/iPad, White"
B00BQ4PEX2,Sony MDRX05/WS Simon Cowell X Headphones (White/Silver)
B00BQ4PEWS,Sony MDRX05/BS Simon Cowell X Headphone (Black/Silver)
B00BUL5A9E,"Panasonic RP-HXD5C-W Street Style Monitor Headphones, White (Discontinued by Manufacturer)"
B00C1TQ52A,JVC HAS160W Headphones
B00C4FBQT8,Sony 900MHz Wireless Stereo Noise Reduction Headphones
B00CAXFH8A,Sony MDR-EX100AP/P In-Ear Headphone Earbuds (Pink)
B00CIQ88UI,JVC Kenwood HA-SZ1000-E Victer Stereo Headphones
B00CJHSHS4,Bose SIE2 Sport Headphones Clothing Clip - Dark Gray
B00CL3TAOQ,Audio-Technica ATH-ANC33iS QuietPoint Active Noise-Cancelling In-Ear Headphones with In-Line Microphone &amp; Control
B00CLCMA4O,Bose SIE2i Sport Headphones - Purple
B00CMRK2D4,Bose SIE2 Sport Headphones Clothing Clip - Light Gray
B00CQQND5K,Sony MDR-XB920/R (MDRXB920/RC) Extra Bass&quot;XB&quot; Headphones - Red
B00CRWT960,Philips SHL3000BK Headband Headphones
B00CXP4AS8,Sony MDR-ZX310/WQ ZX Series stereo headphones
B00D21CF0M,"Audio Technica Solid Bass ATH-WS33X Closed-back Dynamic Headphones, White"
B00D42A60K,Bose QuietComfort 20 headphones carrying case
B00D4MPZNI,Philips SHL3200/28 DJ Monitor Style Headband Headphones  (Grey)
B00DKXXGFK,"Klipsch Image A5i All Sport In-Ear Headphones, Magenta (Discontinued by Manufacturer)"
B00DLJYR0G,Sony MDR-EX110AP-B Ex Monitor In-ear Headphones With Microphone (black)
B00DLJYQDE,SNYHREX110AL - SONY MDREX110AP L EX Monitor In-Ear Headphones with Microphone (Blue)
B00DLJYQMA,Sony MDR-EX110AP/W EX monitor Headphones
B00DSTBM6G,JVC HAF160V Gumy Ear Bud Headphone Violet
B00DSTBN0G,JVC HAF160A Gumy Ear Bud Headphone Blue
B00DZASZKY,"JVC HAFR37A Marshmallow Headphones with Mic, Blue"
B00E4LGVU4,Panasonic RPTCM190A Headphones
B00EB82KUK,"Philips SHO3300CLASH/28 O'Neill Cruz Headband Headphones, Blue/Pink"
B00EMAJ17C,Sony MDR-7510 Professional Studio Headphones with 50mm Driver Unit
B00EO3DRV8,"Audio-Technica ATH-CKX7iS SonicFuel In-Ear Headphones with In-Line Mic &amp; Control, Black"
B00EO3DOUC,"Audio-Technica ATH-CKX5iSRD SonicFuel In-Ear Headphones with In-Line Mic &amp; Control, Red"
B00ES6DF18,"PANASONIC Wings Sport Headphones are Ultra-Light Wireless Bluetooth Sport Earbud 3D Flex Sport Clips with Microphone and Call/Volume Controller, IPX5 Rated Water-Resistant - RP-BTS35-K (Black)"
B00F0UFUHI,Sony MDR10R Hi-Res Stereo Wired Headphones (Black)
B00F4P7NG0,Philips Fidelio semi-open headphones L2BO
B00FB5IL7S,Sony MDR-S70AP White Slim Foldable Stereo Headphone
B00FJ1HFGC,Audio-Technica ATH-ANC70 QuietPoint Active Noise-Cancelling Headphones
B00FJISYRY,Sony MDR-HW700 Wireless Digital Surround Headphone for MDR-HW700DS (Japan Import)
B00FJISYZQ,Sony MDR-HW700DS Wireless Headphone 100-240V (Japan Import)
B00FKIRR4O,SONY PHA-2 Headphone Amplifier
B00FMYZO6O,Philips SHB9100 White Wireless Bluetooth Over-the-Head Stereo Headphone with Superior Bass &amp; Optimum Clarity
B00FNK8UPE,"Philips SHO3305ZERO/28 Philips O'Neill Cruz Headband Headphones, Black"
B00FU2O3NS,"Panasonic RP-HXS200M-K Sound Rush On-Ear Headphones, Black/Gray"
B00FU55RHG,"Panasonic RP-HXS400M-A Sound Rush Plus On-Ear Headphones, Blue"
B00FWGU10G,Audio-Technica ATH-IM50 Dual symphonic-driver In-ear Monitor headphones Black (Japan Import)
B00FWGTZWQ,Audio-Technica ATH-IM70 Dual symphonic-driver In-ear Monitor headphones(Japan Import)
B00FWGU1CY,Audio-Technica ATH-IM50 Dual symphonic-driver In-ear Monitor headphones White (Japan Import)
B00FYWCL2E,Audio-Technica ATH-ANC7b-SViS QuietPoint Noise-Cancelling Headphones with In-Line Mic &amp; Control
B00GAA8SAI,Genuine Replacement Ear Pads cushions for SONY MDR-V600 V900 V7509 Z600 Headphones - 1 pair (2 pieces)
B00GL6V9R0,"Philips GoGear MiniDot Mini 2GB Sound-Dot Portable MP3 Player with In-Ear Headphones, Blue (SA5DOT02BN)"
B00GO4GMHQ,V-MODA XS On-Ear Folding Design Noise-Isolating Metal Headphone (White Silver)
B00H0PWF06,Sony MDR10RNC Premium Noise Canceling Headphone
B00HSCJ28E,Sony MDR10RNCIP iPad/iPhone/iPod Noise-Canceling Wired Headphones (White)
B00HVLUR18,"Audio-Technica ATH-M20x Professional Studio Monitor Headphones, Black"
B00HVLUQW8,"Audio-Technica ATH-M30x Professional Studio Monitor Headphones, Black"
B00HXTHFFO,"Panasonic RP-HJE120 ErgoFit In-Ear Headphones Stereo Earbuds (6-Pack, Black)"
B00HXTHFJK,"Panasonic RP-HJE120 ErgoFit In-Ear Headphones Stereo Earbuds (2-Pack, Blue)"
B00HXTHFJA,"Panasonic RPHJE120 In-Ear Headphone, (2 PACK, Black)"
B00HYH7HXA,V-MODA Crossfade LP2 Vocal Limited Edition Over-Ear Noise-Isolating Metal Headphone - Matte Black
B00HZD3RXM,SONY MDR-EX650 T Inner ear Headphones Brass brown
B00HZD3UN4,Sony Dynamic closed-type headphones MDR-ZX310-H Lime Green/Gray
B00HZD3UFM,Sony Dynamic closed-type headphones MDR-ZX310-L Blue
B00HZD3UXY,Sony Dynamic Foldable Headphones MDR-ZX110-P (Pink)
B00HZD3ROQ,SONY MDR-EX650 B Inner ear Headphones Brass black
B00HZD3RXW,Sony In-Ear Dynamic Headphones MDR-XB50-L (Blue)
B00HZD3VGU,Sony In-Ear Dynamic Headphones MDR-XB50-B (Black) International Version
B00I3LUY68,Sony Foldable Headphones MDR-ZX310 R - Metallic Red
B00I3LV336,Sony Foldable Headphones with Smartphone Mic and Control - Metallic Black
B00I4KPBF2,JVC KENWOOD In-Ear Headphones HA-FX850
B00I525YRO,2 Pairs (4 Earpads) - Genuine Replacement Ear Pads Cushions for SENNHEISER PX100 PMX100 PX80 Headphones
B00IIIGOTM,"Audio Technica ATHCHX5ISBL SonicFuel Hybrid Earbud Headphones for Smartphones, Blue"
B00IJXBX74,Sony MDREX15LP/L In-Ear Headphone (Blue)
B00IT0KEQ8,Sennheiser PXC 480 Active Noise-Canceling Headphones
B00IUICOR6,"Bose SoundTrue Headphones Around-Ear Style, Black"
B00IUICOUS,"Bose SoundTrue Headphones Around-Ear Style, Black/Mint"
B00IWY86WU,"Philips SHL5100BL/28 Strada Headband Headphones, Blue"
B00IYH1UBY,"V-MODA Crossfade M-80 Vocal On-Ear Noise-Isolating Metal Headphone, White Silver"
B00J0N8FOQ,Sony MDRAS400EX Sports Headphones with Adjustable Ear Loop (Black)
B00J7V87GM,"Philips SHK1000PK/28 Kids-On Ear Headphone, Pink"
B00J80IMJ4,Sennheiser Replacement Headband Cushion for HD 580 and HD 600 Headphones
B00JB50T6K,"Koss KSC22I Ultra Lightweight Sport Ear-Clip Headphones, Black/Silver"
B00JFBDZ5W,Klipsch R6 In-Ear Headphones
B00JJIEEUQ,"Koss KEB15i In-Ear Headphone, Teal"
B00JKCHL60,"Bose SoundTrue Headphones Inline Mic/Remote Cable, Blue"
B00JMZILU0,Sennheiser HD 280 Pro headband pad Genuine HD280 headphones cushion replacement padding
B00JWITB8I,"Koss KEB15i In-Ear Headphone, Grey"
B00JZRXWRW,Audio-Technica ATH-M50x Professional Studio Monitor Headphones - Black with FiiO E6 Headphone Amplifier
B00K3K8TKA,V-MODA XL Cushions for Over-Ear Headphones - Black
B00K7DYK1U,"Audio Technica ATHAX5BK Over-Ear Headphones, Black"
B00KG8SDP0,"Panasonic On Ear Stereo Headphones RP-HF100-P with Travel-Fold Design, Matte Finish, Pink"
B00KO5FOOI,Sony MDRXD150BK Close-Back Headphones (Black)
B00KWKKE6I,"Panasonic RP-BTD10-K Premium Bluetooth Wireless On-Ear Headphones, Black"
B00L2SZFYU,Sennheiser 561035 Adapter Plug For HD Series Headphones
B00L6S6XWO,PANASONIC Retro Wireless Headphones with Bluetooth connectivity and up to 24-Hour Playback - RP-HTX80B-K - Over the Ear Headphones (Matte Black)
B00LICSEKM,Audio-Technica HP-CC Replacement Coiled Cable for M Series Headphones
B00LICYRVW,Audio-Technica HP-EP Replacement Earpads for M-Series Headphones
B00LU1RFLU,Sony Lightweight Behind-the-Neck Active Sports Stereo Headphones
B00M1NEUKK,"Bose QuietComfort 25 Acoustic Noise Cancelling Headphones for Apple devices - Black (wired, 3.5mm)"
B00M1NEUA0,"Bose QuietComfort 25 Acoustic Noise Cancelling Headphones for Apple devices, White(wired, 3.5mm)"
B00M1WGMB6,Audio-Technica ATH-M50xWH Professional Studio Monitor Headphones - White with FiiO E6 Headphone Amplifier
B00M3NZKA2,Sennheiser Urbanite XL Over-Ear Headphones - Black
B00M3O0L8C,Sennheiser Urbanite On-Ear Headphones - Denim
B00M3NZYKI,Sennheiser Urbanite On-Ear Headphones - Black
B00M58CMTM,Bose SoundLink On-Ear Bluetooth Wireless Headphones - White
B00M7Y0KJS,"Bose SoundSport In-Ear Headphones for iOS Models, Orange"
B00M8PSXRM,Sony Premium Lightweight Extra Bass Earbud Headphones with In-line Microphone and Remote for Android Smartphone (Blue)
B00MCHE38O,Sony MDRXB950BT/B Extra Bass Bluetooth Headphones (Black)
B00MCVOT48,"Koss Pro4S Full Size Studio Headphones, Black with Silver Trim"
B00MCVOTFC,"Koss SP540 Full Size Dynamic Headphones, Black with Silver Accents"
B00MIJU844,"Koss BT540i Full Size Bluetooth Headphones, Black with Silver Trim"
B00MOPRZEI,Sony MDR-ZX750DC Wireless Noise-Canceling Bluetooth Headphones W&rsquo; Case - MDRZX750DC
B00MZQU3AO,"Philips SHE3905BK/27 In-Ear Headphones with Mic, Black"
B00NBMHT7Q,Sony MDRZ7 Hi-Res Stereo Headphones
B00NBMHYGM,Sony MDR1A Premium Hi-Res Stereo Headphones (Black)
B00ND4OM5O,Sony MDR-XB250 Extra Bass Headphones Black
B00NEQZMPK,"Sony 2 Band Receiver Portable AM &amp; FM Transistor Radio with Large Dial Panel, 3.75&rdquo; Speaker, Earphone Jack, Carry Strap, Easy Tuner Knob, Headphone Jack &amp; Telescopic Ferrite Bar Swivel Antenna - Battery Powered"
B00NG57H4S,Sony MDRZX110NC Noise Cancelling Headphones
B00NG57GKS,Sony MDR-XB950/H Extra Bass Headphone - Silver (International Version)
B00NQ17ZZI,Sennheiser CX 3.00 White In-Ear Canal Headphone
B00NQ187DM,Sennheiser CX 1.00 Black In-Ear Canal Headphone
B00NW353KE,Sony MDR-1A Headphone - Black (International Version U.S. Warranty May not Apply)
B00O2Y2MZG,"Philips X2/27 Fidelio Over Ear Headphone, Black"
B00OBOQ6XG,Bose Mobile In-Ear Headphones Black
B00OCL61U6,"Bose Quiet Comfort 25 Headphones Replacement Carry Case, Black"
B00OCL621Y,"Bose Quiet Comfort 25 Headphones Ear Cushion Kit, Black - 720876-0010"
B00OH82RXO,"Sony PHA3 PHA-3 Headphone Amp, Black"
B00OTACTCE,Audio-Technica wireless headphone amplifier black AT-PHA50BT BK [Japan import]
B00OXEGB52,"JVC HAEB75D Sports Clip Headphone, Orange"
B00OZLX3OA,"Philips SHL3160WT/27 Headphones, White"
B00PEU9CFA,"Audio-Technica ATH-MSR7BK SonicPro Over-Ear High-Resolution Audio Headphones, Black"
B00PF89YXG,SONY XBA-Z5 Balanced Armature In-Ear Headphones(International version/seller warranty)
B00PQN2PPE,Sennheiser 506298 RS 135 Wireless Headphone System
B00Q784XX4,"Bose Sound Link On-Ear Bluetooth Headphones Ear Cushion Kit, White"
B00Q7857AW,"Bose Sound Sport Headphones Clothing Clip, Black"
B00Q784UL4,"Bose Sound Link On-Ear Bluetooth Headphones Carry Case, White"
B00QGFEIK6,"Bose SoundLink On-Ear Bluetooth Headphones Replacement Audio Cable, Blue"
B00SD9JC1I,"Klipsch Reference On-Ear Premium Headphone, Black"
B00SHUHKJ4,Sony MDRZX110 ZX Series Stereo Headphones (White) with 3.5mm Mini Plug to 1/4 inch Headphone Adapter &amp; HeroFiber&reg; Ultra Gentle Cleaning Cloth
B00SJ4INFI,Sennheiser RS 195 RF Wireless Headphone System
B00SLVAVAY,Sennheiser RS 165 RF Wireless Headphone System
B00SLUI5SA,Sennheiser RS 175 RF Wireless Headphone System
B00SMVLKNU,"Panasonic drops360&deg;LUXE Premium In-Ear Stereo Headphones RP-HJX20-K (Black and Silver) Powerful Bass, with Travel Case"
B00SMVLPIK,Panasonic FOLDZ On-Ear Stereo Headphones with Mic/Controller RP-DJS150M-K (Black) Integrated
B00TIAYRDO,"Sony PHA1A Portable Hi-Res DAC/Headphone Amplifier, Silver"
B00TOT9G1W,Sennheiser RS 185 RF Wireless Headphone System
B00TOT6I7W,"Sony Compact Portable Stereo Sound System Boombox with MP3 CD Player, Digital Tuner AM/FM Radio, Tape Cassette Recorder, Headphone Output &amp; 3.5mm Audio Auxiliary input Jack"
B00TTTO82Y,Sennheiser HDR 165 Accessory RF Wireless Headphone for RS 165 System
B00TV08KLG,Sennheiser HDR 185 Accessory RF Wireless Headphone for RS 185 System
B00TV08IZY,Sennheiser HDR 175 Accessory RF Wireless Headphone for RS 175 System
B00UG7QMPO,Audio-Technica ATH-M40x Professional Studio Monitor Headphones + Slappa Full Sized HardBody PRO Headphone Case (SL-HP-07)
B00UH2ULTG,Audio-Technica ATH-W1000Z Audiophile Closed-Back Dynamic Wooden High-Resolution Audio Headphones
B00V2BGL2M,"Philips SHQ3300LF/27 ActionFit Sports Headphones, Lime"
B00V3A0GDM,Philips SHE8100BL/27 In-ear Headphones - Blue
B00V3A0LRS,"Philips F1/27 Fidelio Premium Lightweight Travel Headphones with Mic, Black"
B00V3A0LKA,"Philips M1MKIIBK/27 Fidelio Headphones with Mic, Black"
B00V3C6K08,"Philips SHQ2300OR/27 ActionFit Sports Headphones, Orange"
B00V3RK57C,"Philips SHL3060RD/27 Headphones,, Red"
B00VV6X5ZE,"JVC HAECX20W Sports Clip Inner Ear Headphones, White"
B00WJ0GKHQ,"Koss UR23i Noise Isolating, Over The Ear Full Size Headphones, Blue"
B00WSM0STG,Sennheiser SET840 -TV RF Stereo TV Assistive Listening Headphones System
B00WSLZFTK,Sennheiser RS 170 Digital Wireless Headphones (Discontinued By Manufacturer)
B00WTQDV5E,"Philips L2BO/27 Fidelio High Fidelity Headphones with Mic and Memory foam cushioning, Black/Orange"
B00WU1FQUQ,Beats Solo HD Wired On-Ear Headphone - Green (Discontinued by Manufacturer)
B00WU35S7K,Bose Around-Ear Headphones (Discontinued by Manufacturer)
B00WU36LNU,Bose QuietComfort 15 Acoustic Noise Cancelling Headphones (Discontinued by Manufacturer)
B00WU38N6I,"Bose AE2 Around-Ear Audio Headphones, Black"
B00WUDCO3G,JVC HA-FX35-B Soft Marshmallow Stereo Headphones (Black) (Discontinued by Manufacturer)
B00WUD5F1O,JVC HAEBX85P Inner Ear Sports Clip Headphone (Pink) (Discontinued by Manufacturer)
B00WUI7ALC,"Panasonic RPHC720K Over-Ear Headphones, Black (Discontinued by Manufacturer)"
B00WUJ00XQ,Philips Adjustable Earclip Headphones SHS4700/28 (Black) (Discontinued by Manufacturer) (Discontinued by Manufacturer)
B00WUO2RNM,Sennheiser PMX 680 Sports Earbud Headphones (Discontinued by Manufacturer)
B00WUT3I5S,"Koss KSC32i V Sport Clip Headphones, Violet"
B00WURPIQ2,Sony Studio Monitor MDR-V600 Stereo Headphone (Discontinued by Manufacturer)
B00WUT2DDG,"Koss KSC32i B Sport Clip Headphones, Blue"
B00X9KVVQK,"Bose QuietComfort 20 Acoustic Noise Cancelling Headphones, Samsung and Android Devices, Black"
B00XHRTVCQ,Koss KPH14V Side Firing Headphone (Violet)
B00XLIG4GW,Bose QuietComfort 25 Headphones Inline Mic/Remote Cable for Samsung &amp; Android Devices (Blue)
B00XQCVBAW,Genuine Replacement Ear Pads Cushions for SENNHEISER RS185 HDR185 Headphones
B00XQNGMBO,V-MODA Crossfade LP Over-Ear Noise-Isolating Metal Headphone (Rouge)
B00Y2IJ3IQ,Beats Solo 2 WIRED On-Ear Headphone NOT WIRELESS - Black (Refurbished)
B00Y54GYC0,"Philips SHB6250/27 Wireless Bluetooth Headphones, Black"
B00YBMPVNE,Sony MDR-XB450AP Extra Bass Headphone (Red)
B00YWT3F7A,Audio-Technica ATH-AVC200 SonicPro Over-Ear Closed-Back Dynamic Headphones
B00ZA1J5GO,Sony MDR-ZX770BN Bluetooth Noise Canceling Headphones (Blue)-NEW
B00ZUTLG5Y,Beats Solo HD On-Ear Headphone Matte Black (Refurbished)
B00ZY7UGV2,Klipsch AS-5i In-Ear Headphones
B00ZYCNH5O,Klipsch AW-4i In-Ear Headphones
B0105NCAP4,"PANASONIC Bluetooth Earbud Headphones with Microphone, Call/Volume Controller and Quick Charge Function - RP-HJE120B-K - in-Ear Headphones (Black)"
B010KJJOB6,Beats Solo 2 WIRED On-Ear Headphone NOT WIRELESS - Black (Refurbished)
B010MTKXLE,Sony MDR-ZX770DC Bluetooth and Noise Canceling Headphones/Headset With Case - MDRZX770DC (Black)
B0117RFZ40,"Bose SoundTrue around-ear  wired headphones II - Apple devices, Navy Blue"
B0117RFP0Y,"Bose QuietComfort 25 Acoustic Noise Cancelling Headphones for Apple Devices, Triple Black (wired, 3.5mm)"
B0117RGG8E,Bose SoundLink around-ear wireless headphones II Black
B0117RFPCC,"Bose SoundSport in-ear headphones for Samsung and Android devices, Charcoal"
B0117RFP6I,"Bose QuietComfort 25 Acoustic Noise Cancelling Headphones for Samsung and Android Devices, Triple Black (wired, 3.5mm)"
B011C8O23Y,"Beats urBeats In-Ear Headphones, Black - (Refurbished)"
B011CEHLLS,Beats urBeats In-Ear Headphone - Space Gray (Refurbished)
B011TNK6V4,SONY Over Ear Best Stereo Extra Bass Portable Headphones Headset for Apple iPhone iPod / Samsung Galaxy / mp3 Player / 3.5mm Jack Plug Cell Phone (Black) &hellip;
B01206QYEC,"Philips SHB9250/27 Wireless Bluetooth Headphones, Black"
B013TLYRC8,Sennheiser HD 630VB Headphone with Variable Bass and Call Control
B0145CC7I6,Beats Executive Wired Headphone - Silver (Refurbished)
B015CVOHPU,"Philips SHB5850WT/27 Wireless Bluetooth Headphones, White"
B015EL1EMC,"Philips SHB9850NC/27 Wireless Noise Canceling Headphones, Black"
B015JM7ECU,"Sony Portable AM/FM Transistor Radio with Built-in Speaker, Headphone Jack + AA Batteries"
B015N5341I,Audio-Technica ATH-ANC40BT QuietPoint Active Noise-Cancelling Bluetooth Wireless In-Ear Headphones with In-Line Mic &amp; Control
B015N52XDI,Audio-Technica ATH-S700BT SonicFuel Bluetooth Wireless Over-Ear Headphones
B015N52YUU,Audio-Technica ATH-WS99BT Solid Bass Bluetooth Wireless Over-Ear Headphones with Built-In Mic &amp; Control
B015N52WZM,Audio-Technica ATH-SPORT4BK SonicSport Bluetooth Wireless in-Ear Headphones
B015R7AFVE,V-MODA Crossfade Wireless Over-Ear Headphone - Phantom Chrome
B015ZDH4EQ,"Sony h.ear on Premium Hi-Res Stereo Headphones (wired), Lime Yellow"
B01601405I,Beats Pro Wired Over-Ear Headphone - White (Refurbished)
B0163ZHROM,"Philips M2BTBK/27 Fidelio Wireless Bluetooth Headphones, Black"
B0168SGBKA,Sony MDR-E9LP Grey Earbud Headphones
B0169N85T4,Klipsch R6i On-Ear On-Ear Headphones
B0169N84LI,Klipsch R6 On-Ear Headphones
B016XIBN08,Sony MDR-EX650AP Smartphone-capable In-ear Headphones with Remote and Mic Brass black
B016YJDV74,Audio-Technica ATH-M50x Professional Studio Monitor Headphones (Certified Refurbished)
B017LI9HS4,V-MODA Zn In-Ear Modern Audiophile Headphones with 1 Button Remote and Microphone
B017MOUVMI,Klipsch XR8i In-Ear Headphones
B017WRZFSA,Klipsch Reference X6i In-Ear Headphones With KG-723 Full-Range Balanced Armature Drivers
B018IZ9C2K,"Beats Solo2 Wired On-Ear Headphone, Luxe Edition - Blue"
B018U941AW,Audio-Technica ATH-CKS990iS Solid Bass In-Ear Headphones with In-line Microphone &amp; Control
B018UB3HU0,Audio-Technica ATH-WS1100iS Solid Bass Over-Ear Headphones with In-Line Microphone &amp; Control
B018UAZI4Y,"Audio-Technica ATH-WS770iSGM Solid Bass Over-Ear Headphones, Gun Metal"
B019WMR2VG,"Philips Bluetooth Headphone SHB5950BK/27, Black (SHB5950BK/27)"
B01AH1DPLM,Audio-Technica ATH-M70x Professional Monitor Headphones (Certified Refurbished)
B01AQ7IFB2,"Panasonic RP-HJE120 ErgoFit in-Ear Headphones Stereo Earbuds (4-Pack, Black)"
B01AXSYH2U,Audio-Technica ATH-E50 Professional In-Ear Studio Monitor Headphones
B01AYZZ70I,Audio-Technica ATH-A550Z Art Monitor Closed-Back Dynamic Headphones
B01BY7ZMXC,"Sony MDRXB650BT/B Extra Bass Bluetooth Headphones, Black"
B01C6B3W9G,"Audio-Technica ATH-SR5BTBK Bluetooth Wireless On-Ear High-Resolution Audio Headphones with Mic &amp; Control, Black"
B01CEFLFF2,"Panasonic drops360&deg; LUXE Premium In-Ear Stereo Headphones with Mic + Controller RP-HJX21M-K (Black and Silver) Powerful Bass, with Travel Case"
B01CEFLGJM,"Panasonic drops360&deg; Premium in-Ear Stereo Headphones with Mic + Controller RP-HJX6M-R (Metallic Red) with Travel Pouch, Powerful Bass"
B01CEFLA2U,Panasonic Wings RP-BTS30-W Wireless Bluetooth In-Ear Earbuds Noise Isolating Water Resist Sport Headphones with Mic and Controller - White
B01CEFLFQG,"Panasonic WINGS Wireless Bluetooth In Ear Earbuds Sport Headphones with Mic + Controller and Flashing LED's RP-BTS50-K (Jet Black), IPX5 Water Resistant"
B01CEFLFHU,"Panasonic Premium Hi-Res Stereo Over-the-Ear Headphones with Mic + Controller RP-HD10C-K (Black), with Travel Case"
B01CQXGE94,"Sony H.ear in Wireless Headphone, Black (MDREX750BT/B)"
B01CQXGSTU,"Sony H.ear on Wireless Noise Cancelling Headphone, Cinnabar Red (MDR100ABN/R)"
B01CRI3UOU,"Sennheiser HD 25 Professional DJ Headphone, Black (HD25)"
B01D6FKDT8,Audio Technica ATH-M50X Headphones + Slappa Case + Headphone Amplifier (Black)
B01DBUHLAC,Audio Technica ATH-M50X Professional Studio Headphones (Black) with FiiO A3 Portable Headphone Amplifier (Black)
B01DEMUOJ2,"Audio-Technica ATH-COR150iSPK SonicSport In-Ear Headphones with In-Line Mic &amp; Control, Pink"
B01DG5KHIU,"Audio-Technica ATH-CLR100iSBK SonicFuel In-Ear Headphones with In-line Microphone &amp; Control, Black"
B01DUVRU7G,Audio-Technica ATH-ANC50iS QuietPoint Active Noise-Cancelling Headphones
B01E3SNO3E,"Bose QuietComfort 35 (Series I) Wireless Headphones, Noise Cancelling - Silver"
B01E3SNNGW,Bose SoundSport Wireless Headphones
B01E3XLNA0,"Sennheiser PXC 550 Wireless &ndash; NoiseGard Adaptive Noise Cancelling, Bluetooth Headphone with Touch Sensitive Control and 30-Hour Battery Life"
B01E4H4OBA,"Sony MDR-ZX110AP Extra Bass Wired Headphones with Mic, Smartphone Headset for iPhone &amp; Android with In-Line Remote &amp; Microphone, Neodymium Magnets &amp; 30mm Drivers, White (Certified Refurbished)"
B01E4H4MWQ,"Sony MDR-ZX110AP Extra Bass Wired Headphones with Mic, Smartphone Headset for iPhone &amp; Android with In-Line Remote &amp; Microphone, Neodymium Magnets &amp; 30mm Drivers, Black (Certified Refurbished)"
B01ESTW5PG,Sony High-Resolution Audio System with Headphone Amp CAS-1
B01HETFQA8,Bose QuietControl 30 Wireless Headphones
B000EGLZTK,Sony MDR410LP Foldable Open-air Stereo Headphones (Discontinued by Manufacturer)
B000I3F8Z6,Premium Headphone Extension (Discontinued by Manufacturer)
B00172PW62,Sony Mdr-E10Lp/Pgrn Headphones - Fashion Earbuds (Green) (Discontinued by Manufacturer)
B001UE6PCM,Sony MDRXB300 Extra Bass Headphones
B0023RT0WW,"Audio Technica ATH-FC700A Portable Headphones with 40mm Neodymium Drivers, White"
B002T6NZKU,Audio Technica ATH-T500 | Dynamic Headphones (Japan Import)
B005TCZHWU,Audio Technica ATH-ON303 BK | Portable Headphones (Japan Import)
B00B9GF9XC,Sony MDR-XB200/G (MDRXB200-Green) XB Extra Bass Series On-Ear Headphones
B00FJISZBE,Sony MDRHW300K Digital Wireless Headphones
B00J0XR11E,SONY PHA-2 Headphone Amplifier
B00JEJPT7C,Sennheiser - 534471 Authentic Original HDR 160/HDR 170/RS 160/RS 170 Headphones Cushions Replacement Headband Padding
B00LG9JAZK,Koss 187204 Keb6i In-Ear Headphones (Black)
B00NW3567E,Sony MDR-1ADAC Premium Hi-Res Stereo Built-in DAC Headphones (Black/Red)
B016LCPPKA,Sony Premium Noise-Canceling Lightweight Extra Bass Stereo Headphones Plus Kubicle Case
